id,amount,vendor,department,employee,timestamp,category,hour_of_day,is_weekend,vendor_txn_count,dept_avg,amount_vs_dept_avg,is_anomaly
TXN-362,13831,BrightCore Ltd,Operations,Anita Rao,2026-03-27T23:23:01,Hardware,23,0,5,10000,1.38,0
TXN-074,11129,TechMind Systems,Finance,Sneha Kulkarni,2026-02-23T05:22:12,Software,5,0,23,8000,1.39,0
TXN-375,12306,Vertex Analytics,Finance,Pooja Iyer,2026-03-03T21:53:07,Office Supplies,21,0,27,8000,1.54,0
TXN-156,4928,BrightCore Ltd,HR,Riya Kapoor,2026-03-19T02:41:15,Hardware,2,0,15,6000,0.82,0
TXN-105,9596,CloudBridge Inc,Operations,Suresh Kumar,2026-04-08T04:56:46,Marketing,4,0,19,10000,0.96,0
TXN-395,7769,Apex Global Ltd,HR,Vikram Singh,2026-02-22T19:08:54,Software,19,1,4,6000,1.29,0
TXN-378,10458,Apex Global Ltd,Operations,Anita Rao,2026-03-09T16:22:55,Office Supplies,16,0,4,10000,1.05,0
TXN-125,13760,TechMind Systems,Marketing,Arjun Nair,2026-04-04T11:18:06,Marketing,11,1,11,12000,1.15,0
TXN-069,19627,TechMind Systems,Engineering,Sneha Patel,2026-04-06T07:16:34,Travel,7,0,10,18000,1.09,0
TXN-451,9843,CloudBridge Inc,Operations,Suresh Kumar,2026-03-15T15:32:13,Software,15,1,42,10000,0.98,0
TXN-010,9085,Vertex Analytics,Finance,Sneha Kulkarni,2026-03-14T18:56:22,Marketing,18,1,19,8000,1.14,0
TXN-195,10432,BrightCore Ltd,Operations,Suresh Kumar,2026-04-13T01:12:04,Marketing,1,0,9,10000,1.04,0
TXN-407,7330,CloudBridge Inc,Operations,Suresh Kumar,2026-04-01T02:04:46,Office Supplies,2,0,48,10000,0.73,0
TXN-085,4787,Apex Global Ltd,HR,Riya Kapoor,2026-04-20T19:43:13,Office Supplies,19,0,5,6000,0.8,0
TXN-372,11244,CloudBridge Inc,Operations,Suresh Kumar,2026-03-29T17:34:48,Hardware,17,1,24,10000,1.12,0
TXN-389,7425,Apex Global Ltd,HR,Neha Gupta,2026-03-31T08:07:57,Hardware,8,0,27,6000,1.24,0
TXN-496,30000,PeakEdge Consulting,HR,Neha Gupta,2026-03-23T23:52:17,Office Supplies,23,0,2,6000,5.0,1
TXN-031,10194,BrightCore Ltd,Marketing,Priya Sharma,2026-03-14T02:28:42,Marketing,2,1,49,12000,0.85,0
TXN-317,9363,Vertex Analytics,Finance,Amit Desai,2026-04-20T14:38:36,Software,14,0,22,8000,1.17,0
TXN-409,10300,TechMind Systems,Operations,Manoj Tiwari,2026-04-13T00:58:52,Marketing,0,0,14,10000,1.03,0
TXN-491,32000,Sigma Infra,Finance,Pooja Iyer,2026-04-17T12:16:50,Office Supplies,12,1,1,8000,4.0,1
TXN-492,144000,Sigma Infra,Engineering,Sneha Patel,2026-04-21T10:45:49,Consulting,10,0,1,18000,8.0,1
TXN-281,10283,CloudBridge Inc,Operations,Anita Rao,2026-03-14T17:17:26,Office Supplies,17,1,27,10000,1.03,0
TXN-357,5972,BrightCore Ltd,HR,Vikram Singh,2026-04-13T07:39:30,Hardware,7,0,22,6000,1.0,0
TXN-077,8174,Nexaflow Solutions,Finance,Amit Desai,2026-03-22T18:30:21,Office Supplies,18,1,18,8000,1.02,0
TXN-462,180000,Sigma Infra,Engineering,Rahul Menon,2026-02-24T07:37:08,Software,7,0,1,18000,10.0,1
TXN-498,50000,Sigma Infra,Operations,Anita Rao,2026-03-07T23:40:32,Office Supplies,23,0,0,10000,5.0,1
TXN-212,7703,Apex Global Ltd,HR,Neha Gupta,2026-02-28T22:42:30,Consulting,22,1,14,6000,1.28,0
TXN-102,16107,Vertex Analytics,Engineering,Rahul Menon,2026-03-08T11:48:10,Software,11,1,19,18000,0.89,0
TXN-335,7462,Vertex Analytics,HR,Vikram Singh,2026-03-04T05:08:51,Software,5,0,45,6000,1.24,0
TXN-476,60000,PeakEdge Consulting,Operations,Anita Rao,2026-03-02T23:32:28,Hardware,23,0,0,10000,6.0,1
TXN-337,14285,Apex Global Ltd,Engineering,Rahul Menon,2026-03-06T21:44:28,Office Supplies,21,0,16,18000,0.79,0
TXN-441,19728,TechMind Systems,Engineering,Karan Joshi,2026-03-04T19:12:01,Hardware,19,0,36,18000,1.1,0
TXN-174,19535,TechMind Systems,Engineering,Rahul Menon,2026-03-28T08:45:18,Office Supplies,8,1,47,18000,1.09,0
TXN-003,11619,Nexaflow Solutions,Operations,Anita Rao,2026-03-13T17:20:33,Software,17,0,40,10000,1.16,0
TXN-334,9968,Apex Global Ltd,Marketing,Divya Menon,2026-03-05T05:13:31,Hardware,5,0,46,12000,0.83,0
TXN-410,13543,Vertex Analytics,Marketing,Priya Sharma,2026-03-28T21:17:49,Hardware,21,1,26,12000,1.13,0
TXN-071,6542,BrightCore Ltd,HR,Neha Gupta,2026-04-16T13:32:36,Hardware,13,0,40,6000,1.09,0
TXN-210,19631,Vertex Analytics,Operations,Manoj Tiwari,2026-04-08T17:39:36,Office Supplies,17,0,4,10000,1.96,0
TXN-064,4205,CloudBridge Inc,HR,Vikram Singh,2026-03-15T03:42:17,Travel,3,1,15,6000,0.7,0
TXN-385,4861,Apex Global Ltd,HR,Neha Gupta,2026-02-23T07:49:04,Travel,7,0,46,6000,0.81,0
TXN-094,16525,CloudBridge Inc,Engineering,Rahul Menon,2026-03-06T21:22:06,Travel,21,0,29,18000,0.92,0
TXN-486,40000,Sigma Infra,Operations,Manoj Tiwari,2026-04-01T12:11:05,Marketing,12,1,0,10000,4.0,1
TXN-186,7071,Nexaflow Solutions,HR,Neha Gupta,2026-04-08T13:34:46,Office Supplies,13,0,3,6000,1.18,0
TXN-034,5884,Vertex Analytics,Finance,Pooja Iyer,2026-04-10T16:07:16,Software,16,0,14,8000,0.74,0
TXN-078,16654,TechMind Systems,Engineering,Sneha Patel,2026-04-10T10:42:49,Office Supplies,10,0,37,18000,0.93,0
TXN-001,13490,Nexaflow Solutions,Marketing,Arjun Nair,2026-03-04T10:14:13,Travel,10,0,50,12000,1.12,0
TXN-012,8835,Apex Global Ltd,Operations,Manoj Tiwari,2026-03-31T07:20:37,Office Supplies,7,0,43,10000,0.88,0
TXN-416,9754,Apex Global Ltd,Marketing,Arjun Nair,2026-03-20T15:34:23,Marketing,15,0,37,12000,0.81,0
TXN-023,18303,BrightCore Ltd,Engineering,Karan Joshi,2026-04-16T08:56:44,Marketing,8,0,34,18000,1.02,0
TXN-073,7928,CloudBridge Inc,Finance,Amit Desai,2026-02-22T06:14:17,Travel,6,1,19,8000,0.99,0
TXN-183,5858,CloudBridge Inc,Finance,Sneha Kulkarni,2026-02-24T05:37:37,Marketing,5,0,22,8000,0.73,0
TXN-132,8137,Apex Global Ltd,Finance,Sneha Kulkarni,2026-02-20T11:49:04,Travel,11,0,37,8000,1.02,0
TXN-411,11779,Vertex Analytics,Operations,Manoj Tiwari,2026-04-07T22:08:24,Software,22,0,35,10000,1.18,0
TXN-194,4131,Apex Global Ltd,HR,Neha Gupta,2026-03-13T18:43:44,Software,18,0,39,6000,0.69,0
TXN-056,22190,CloudBridge Inc,Engineering,Sneha Patel,2026-02-21T22:37:06,Consulting,22,1,15,18000,1.23,0
TXN-149,9043,CloudBridge Inc,Finance,Sneha Kulkarni,2026-04-04T09:05:03,Marketing,9,1,44,8000,1.13,0
TXN-019,13913,CloudBridge Inc,Engineering,Karan Joshi,2026-03-10T22:14:51,Office Supplies,22,0,32,18000,0.77,0
TXN-205,5244,TechMind Systems,Finance,Amit Desai,2026-03-25T16:04:36,Marketing,16,0,10,8000,0.66,0
TXN-079,10229,BrightCore Ltd,Operations,Suresh Kumar,2026-04-05T00:47:24,Marketing,0,1,36,10000,1.02,0
TXN-495,56000,Nexaflow Solutions,Finance,Amit Desai,2026-02-25T22:41:00,Marketing,22,1,0,8000,7.0,1
TXN-263,1896,Apex Global Ltd,Operations,Manoj Tiwari,2026-03-11T16:20:40,Travel,16,0,17,10000,0.19,0
TXN-324,12184,Apex Global Ltd,Finance,Sneha Kulkarni,2026-03-27T09:20:29,Travel,9,0,25,8000,1.52,0
TXN-484,60000,PeakEdge Consulting,Operations,Manoj Tiwari,2026-03-09T20:50:23,Hardware,20,0,1,10000,6.0,1
TXN-080,5031,Apex Global Ltd,Operations,Suresh Kumar,2026-04-13T07:51:16,Travel,7,0,45,10000,0.5,0
TXN-040,6295,Nexaflow Solutions,HR,Riya Kapoor,2026-04-18T09:08:42,Travel,9,1,37,6000,1.05,0
TXN-452,9910,TechMind Systems,Finance,Pooja Iyer,2026-03-03T11:47:54,Consulting,11,0,48,8000,1.24,0
TXN-047,10618,Nexaflow Solutions,Marketing,Divya Menon,2026-04-19T12:05:07,Software,12,1,48,12000,0.88,0
TXN-239,6676,Nexaflow Solutions,Finance,Sneha Kulkarni,2026-02-21T18:31:11,Hardware,18,1,31,8000,0.83,0
TXN-392,11229,Nexaflow Solutions,Operations,Manoj Tiwari,2026-03-05T23:32:05,Software,23,0,48,10000,1.12,0
TXN-353,12144,CloudBridge Inc,Operations,Suresh Kumar,2026-04-07T07:06:36,Travel,7,0,44,10000,1.21,0
TXN-342,12731,TechMind Systems,Marketing,Arjun Nair,2026-03-24T09:56:22,Hardware,9,0,7,12000,1.06,0
TXN-278,10199,BrightCore Ltd,Marketing,Divya Menon,2026-03-29T17:00:39,Office Supplies,17,1,32,12000,0.85,0
TXN-291,17063,Vertex Analytics,Engineering,Rahul Menon,2026-03-07T18:29:50,Office Supplies,18,1,16,18000,0.95,0
TXN-318,9224,Vertex Analytics,Operations,Suresh Kumar,2026-03-08T03:15:37,Marketing,3,1,16,10000,0.92,0
TXN-305,9947,BrightCore Ltd,Operations,Anita Rao,2026-02-21T18:42:15,Hardware,18,1,23,10000,0.99,0
TXN-269,16019,Vertex Analytics,Engineering,Sneha Patel,2026-04-05T12:01:42,Hardware,12,1,26,18000,0.89,0
TXN-070,8387,Vertex Analytics,Operations,Manoj Tiwari,2026-03-29T13:55:18,Software,13,1,5,10000,0.84,0
TXN-456,8017,BrightCore Ltd,Operations,Suresh Kumar,2026-03-21T11:33:31,Travel,11,1,40,10000,0.8,0
TXN-466,24000,PeakEdge Consulting,HR,Riya Kapoor,2026-03-09T12:41:56,Office Supplies,12,1,2,6000,4.0,1
TXN-155,12879,Apex Global Ltd,Marketing,Divya Menon,2026-04-20T01:46:23,Consulting,1,0,39,12000,1.07,0
TXN-083,10955,CloudBridge Inc,Finance,Pooja Iyer,2026-04-16T11:04:38,Office Supplies,11,0,46,8000,1.37,0
TXN-478,80000,PeakEdge Consulting,Finance,Sneha Kulkarni,2026-03-23T16:00:04,Hardware,16,0,1,8000,10.0,1
TXN-173,5884,TechMind Systems,HR,Riya Kapoor,2026-03-07T00:25:13,Office Supplies,0,1,4,6000,0.98,0
TXN-322,11487,Nexaflow Solutions,Operations,Manoj Tiwari,2026-04-13T05:48:10,Marketing,5,0,41,10000,1.15,0
TXN-091,8194,Nexaflow Solutions,Finance,Sneha Kulkarni,2026-03-04T23:50:21,Marketing,23,0,25,8000,1.02,0
TXN-181,9251,BrightCore Ltd,Finance,Pooja Iyer,2026-04-16T17:55:07,Hardware,17,0,40,8000,1.16,0
TXN-415,12996,Vertex Analytics,Marketing,Arjun Nair,2026-02-22T09:54:30,Travel,9,1,50,12000,1.08,0
TXN-313,7238,Nexaflow Solutions,HR,Neha Gupta,2026-04-17T09:41:59,Office Supplies,9,0,50,6000,1.21,0
TXN-279,6104,Nexaflow Solutions,HR,Riya Kapoor,2026-02-23T17:22:40,Software,17,0,11,6000,1.02,0
TXN-382,10201,BrightCore Ltd,Marketing,Divya Menon,2026-04-05T04:29:45,Travel,4,1,24,12000,0.85,0
TXN-473,40000,Nexaflow Solutions,Finance,Pooja Iyer,2026-04-06T22:45:47,Marketing,22,1,0,8000,5.0,1
TXN-363,17510,Apex Global Ltd,Engineering,Karan Joshi,2026-03-17T15:46:18,Hardware,15,0,41,18000,0.97,0
TXN-325,13472,Vertex Analytics,Engineering,Karan Joshi,2026-03-05T14:31:02,Software,14,0,45,18000,0.75,0
TXN-432,2941,Apex Global Ltd,HR,Riya Kapoor,2026-02-22T05:02:10,Software,5,1,43,6000,0.49,0
TXN-348,3888,Apex Global Ltd,HR,Vikram Singh,2026-02-22T09:45:01,Travel,9,1,50,6000,0.65,0
TXN-087,7373,Vertex Analytics,HR,Vikram Singh,2026-04-10T12:39:05,Hardware,12,0,48,6000,1.23,0
TXN-076,12054,CloudBridge Inc,Operations,Anita Rao,2026-04-19T18:15:52,Travel,18,1,35,10000,1.21,0
TXN-439,5741,Apex Global Ltd,Operations,Anita Rao,2026-03-27T14:28:17,Marketing,14,0,28,10000,0.57,0
TXN-016,15469,Apex Global Ltd,Engineering,Rahul Menon,2026-03-04T00:37:41,Marketing,0,0,25,18000,0.86,0
TXN-250,11012,TechMind Systems,Operations,Manoj Tiwari,2026-03-11T16:59:23,Travel,16,0,39,10000,1.1,0
TXN-434,21228,Nexaflow Solutions,Engineering,Sneha Patel,2026-03-20T20:12:43,Marketing,20,0,12,18000,1.18,0
TXN-020,6469,CloudBridge Inc,Operations,Anita Rao,2026-03-07T00:02:31,Software,0,1,46,10000,0.65,0
TXN-323,6363,Nexaflow Solutions,Finance,Amit Desai,2026-04-06T11:09:53,Marketing,11,0,14,8000,0.8,0
TXN-333,18341,Vertex Analytics,Engineering,Karan Joshi,2026-03-31T18:02:07,Consulting,18,0,10,18000,1.02,0
TXN-057,14223,TechMind Systems,Engineering,Karan Joshi,2026-03-26T04:34:35,Consulting,4,0,14,18000,0.79,0
TXN-302,10319,TechMind Systems,Marketing,Arjun Nair,2026-04-08T09:00:00,Software,9,0,48,12000,0.86,0
TXN-230,9359,TechMind Systems,Finance,Pooja Iyer,2026-02-21T18:12:28,Office Supplies,18,1,24,8000,1.17,0
TXN-332,4654,Vertex Analytics,HR,Vikram Singh,2026-03-10T11:58:46,Office Supplies,11,0,31,6000,0.78,0
TXN-133,13219,CloudBridge Inc,Engineering,Sneha Patel,2026-02-28T14:23:18,Travel,14,1,27,18000,0.73,0
TXN-138,7355,TechMind Systems,Finance,Pooja Iyer,2026-04-16T03:41:23,Marketing,3,0,29,8000,0.92,0
TXN-424,7457,BrightCore Ltd,HR,Vikram Singh,2026-03-23T17:41:13,Office Supplies,17,0,31,6000,1.24,0
TXN-336,17338,TechMind Systems,Engineering,Rahul Menon,2026-03-09T20:28:00,Software,20,0,41,18000,0.96,0
TXN-026,6166,Vertex Analytics,HR,Vikram Singh,2026-04-08T13:01:43,Travel,13,0,28,6000,1.03,0
TXN-465,32000,Sigma Infra,Finance,Amit Desai,2026-04-13T12:13:06,Consulting,12,1,0,8000,4.0,1
TXN-282,11655,TechMind Systems,Operations,Manoj Tiwari,2026-04-05T12:57:01,Marketing,12,1,40,10000,1.17,0
TXN-248,10040,Nexaflow Solutions,Marketing,Priya Sharma,2026-04-01T13:58:05,Office Supplies,13,0,23,12000,0.84,0
TXN-238,6279,Nexaflow Solutions,HR,Neha Gupta,2026-04-09T13:13:57,Hardware,13,0,11,6000,1.05,0
TXN-118,7078,Apex Global Ltd,Operations,Suresh Kumar,2026-04-07T21:30:27,Marketing,21,0,8,10000,0.71,0
TXN-043,17479,BrightCore Ltd,Engineering,Karan Joshi,2026-03-15T00:12:30,Marketing,0,1,22,18000,0.97,0
TXN-221,28415,Apex Global Ltd,Engineering,Rahul Menon,2026-04-13T15:42:11,Office Supplies,15,0,38,18000,1.58,0
TXN-177,8026,BrightCore Ltd,Finance,Amit Desai,2026-04-20T18:33:55,Office Supplies,18,0,32,8000,1.0,0
TXN-321,6145,Vertex Analytics,HR,Neha Gupta,2026-04-06T03:36:49,Marketing,3,0,42,6000,1.02,0
TXN-154,12696,CloudBridge Inc,Marketing,Priya Sharma,2026-02-23T20:06:01,Hardware,20,0,22,12000,1.06,0
TXN-232,10541,BrightCore Ltd,Operations,Suresh Kumar,2026-04-07T12:45:38,Consulting,12,0,34,10000,1.05,0
TXN-228,4383,Vertex Analytics,HR,Vikram Singh,2026-02-20T20:32:38,Travel,20,0,12,6000,0.73,0
TXN-418,18520,CloudBridge Inc,Engineering,Sneha Patel,2026-03-23T18:42:25,Consulting,18,0,7,18000,1.03,0
TXN-204,22742,Apex Global Ltd,Engineering,Sneha Patel,2026-02-24T04:12:38,Hardware,4,0,41,18000,1.26,0
TXN-127,7523,BrightCore Ltd,Operations,Anita Rao,2026-04-10T11:34:30,Hardware,11,0,35,10000,0.75,0
TXN-330,20827,CloudBridge Inc,Engineering,Rahul Menon,2026-04-01T15:54:29,Marketing,15,0,42,18000,1.16,0
TXN-032,14630,Apex Global Ltd,Operations,Anita Rao,2026-03-16T17:08:08,Software,17,0,44,10000,1.46,0
TXN-114,9694,Vertex Analytics,HR,Neha Gupta,2026-03-23T22:30:01,Office Supplies,22,0,41,6000,1.62,0
TXN-471,126000,PeakEdge Consulting,Engineering,Karan Joshi,2026-03-24T23:43:59,Consulting,23,0,1,18000,7.0,1
TXN-272,11538,BrightCore Ltd,Engineering,Sneha Patel,2026-03-10T06:29:09,Consulting,6,0,49,18000,0.64,0
TXN-141,8454,BrightCore Ltd,Finance,Amit Desai,2026-04-01T07:35:12,Marketing,7,0,46,8000,1.06,0
TXN-058,16608,Nexaflow Solutions,Engineering,Sneha Patel,2026-04-09T07:16:08,Software,7,0,31,18000,0.92,0
TXN-193,6321,TechMind Systems,HR,Vikram Singh,2026-03-03T20:22:04,Hardware,20,0,31,6000,1.05,0
TXN-025,8639,Vertex Analytics,Operations,Manoj Tiwari,2026-03-25T21:07:31,Hardware,21,0,19,10000,0.86,0
TXN-018,10785,BrightCore Ltd,Operations,Manoj Tiwari,2026-03-12T00:31:51,Marketing,0,0,13,10000,1.08,0
TXN-266,8256,Apex Global Ltd,Marketing,Priya Sharma,2026-03-15T03:59:46,Hardware,3,1,31,12000,0.69,0
TXN-067,9819,Vertex Analytics,Operations,Suresh Kumar,2026-02-28T17:14:37,Hardware,17,1,13,10000,0.98,0
TXN-209,9030,Nexaflow Solutions,Finance,Sneha Kulkarni,2026-03-14T16:25:13,Marketing,16,1,8,8000,1.13,0
TXN-480,48000,PeakEdge Consulting,Finance,Pooja Iyer,2026-03-02T12:42:55,Hardware,12,1,0,8000,6.0,1
TXN-095,7215,TechMind Systems,Finance,Pooja Iyer,2026-04-05T21:23:08,Travel,21,1,45,8000,0.9,0
TXN-254,7548,Apex Global Ltd,HR,Riya Kapoor,2026-03-28T07:34:47,Consulting,7,1,45,6000,1.26,0
TXN-267,11264,BrightCore Ltd,Finance,Sneha Kulkarni,2026-03-05T05:38:43,Office Supplies,5,0,11,8000,1.41,0
TXN-024,3862,CloudBridge Inc,HR,Riya Kapoor,2026-04-16T01:09:22,Travel,1,0,19,6000,0.64,0
TXN-223,11715,CloudBridge Inc,Operations,Suresh Kumar,2026-03-25T03:47:29,Office Supplies,3,0,48,10000,1.17,0
TXN-262,9851,BrightCore Ltd,Operations,Anita Rao,2026-04-02T06:39:40,Travel,6,0,34,10000,0.99,0
TXN-427,9105,TechMind Systems,Marketing,Priya Sharma,2026-04-15T12:31:06,Hardware,12,0,41,12000,0.76,0
TXN-006,9414,TechMind Systems,Operations,Anita Rao,2026-04-02T17:03:12,Hardware,17,0,17,10000,0.94,0
TXN-117,11895,Apex Global Ltd,Marketing,Divya Menon,2026-04-14T06:12:19,Marketing,6,0,35,12000,0.99,0
TXN-046,8200,Vertex Analytics,Operations,Manoj Tiwari,2026-03-13T11:07:02,Travel,11,0,17,10000,0.82,0
TXN-017,5974,BrightCore Ltd,Finance,Pooja Iyer,2026-03-23T15:17:37,Software,15,0,46,8000,0.75,0
TXN-463,70000,PeakEdge Consulting,Operations,Manoj Tiwari,2026-04-04T09:49:21,Software,9,1,1,10000,7.0,1
TXN-358,11134,Apex Global Ltd,Marketing,Priya Sharma,2026-03-02T09:56:10,Office Supplies,9,0,35,12000,0.93,0
TXN-004,16569,Nexaflow Solutions,Marketing,Priya Sharma,2026-04-06T16:00:56,Hardware,16,0,16,12000,1.38,0
TXN-219,5271,Nexaflow Solutions,HR,Neha Gupta,2026-03-10T21:57:11,Office Supplies,21,0,15,6000,0.88,0
TXN-406,11557,Vertex Analytics,Operations,Manoj Tiwari,2026-03-01T21:01:08,Hardware,21,1,4,10000,1.16,0
TXN-061,15843,TechMind Systems,Engineering,Rahul Menon,2026-03-24T21:00:28,Consulting,21,0,6,18000,0.88,0
TXN-111,9365,CloudBridge Inc,Engineering,Sneha Patel,2026-04-05T08:47:56,Consulting,8,1,29,18000,0.52,0
TXN-319,6486,CloudBridge Inc,HR,Vikram Singh,2026-04-01T02:41:13,Hardware,2,0,9,6000,1.08,0
TXN-429,10116,Apex Global Ltd,Finance,Pooja Iyer,2026-03-08T05:42:05,Marketing,5,1,31,8000,1.26,0
TXN-030,9270,TechMind Systems,Operations,Anita Rao,2026-03-17T04:05:17,Hardware,4,0,36,10000,0.93,0
TXN-438,5239,TechMind Systems,Finance,Pooja Iyer,2026-04-19T16:29:08,Travel,16,1,7,8000,0.65,0
TXN-472,96000,Nexaflow Solutions,Marketing,Priya Sharma,2026-02-23T22:47:37,Hardware,22,1,0,12000,8.0,1
TXN-027,12820,Vertex Analytics,Engineering,Rahul Menon,2026-03-02T01:37:02,Software,1,0,34,18000,0.71,0
TXN-008,9534,Apex Global Ltd,Finance,Sneha Kulkarni,2026-03-04T22:53:07,Office Supplies,22,0,12,8000,1.19,0
TXN-454,20268,Apex Global Ltd,Engineering,Rahul Menon,2026-02-27T12:36:44,Consulting,12,0,44,18000,1.13,0
TXN-109,8515,Vertex Analytics,Finance,Pooja Iyer,2026-04-06T19:34:12,Consulting,19,0,22,8000,1.06,0
TXN-038,6120,Apex Global Ltd,Marketing,Priya Sharma,2026-02-26T01:23:14,Software,1,0,22,12000,0.51,0
TXN-158,11184,Nexaflow Solutions,Operations,Suresh Kumar,2026-03-17T02:46:29,Office Supplies,2,0,39,10000,1.12,0
TXN-490,108000,PeakEdge Consulting,Engineering,Karan Joshi,2026-03-06T12:14:09,Marketing,12,1,2,18000,6.0,1
TXN-119,10285,CloudBridge Inc,Finance,Sneha Kulkarni,2026-02-21T20:10:36,Software,20,1,15,8000,1.29,0
TXN-115,5711,TechMind Systems,HR,Neha Gupta,2026-02-26T22:03:19,Travel,22,0,31,6000,0.95,0
TXN-176,9654,TechMind Systems,Finance,Pooja Iyer,2026-04-18T12:44:06,Office Supplies,12,1,50,8000,1.21,0
TXN-374,7438,CloudBridge Inc,HR,Neha Gupta,2026-03-10T19:43:33,Software,19,0,41,6000,1.24,0
TXN-182,6285,Nexaflow Solutions,Finance,Amit Desai,2026-02-28T08:01:53,Travel,8,1,15,8000,0.79,0
TXN-145,6389,CloudBridge Inc,HR,Vikram Singh,2026-02-23T23:23:57,Consulting,23,0,6,6000,1.06,0
TXN-370,9680,Apex Global Ltd,Marketing,Divya Menon,2026-02-22T00:26:12,Marketing,0,1,9,12000,0.81,0
TXN-391,6203,Nexaflow Solutions,Finance,Amit Desai,2026-04-12T00:29:03,Office Supplies,0,1,44,8000,0.78,0
TXN-196,19733,Apex Global Ltd,Engineering,Rahul Menon,2026-03-25T03:24:29,Travel,3,0,45,18000,1.1,0
TXN-405,8874,TechMind Systems,Operations,Suresh Kumar,2026-03-28T10:59:09,Consulting,10,1,7,10000,0.89,0
TXN-276,13386,BrightCore Ltd,Marketing,Arjun Nair,2026-04-02T05:08:43,Software,5,0,17,12000,1.12,0
TXN-455,5204,BrightCore Ltd,HR,Vikram Singh,2026-02-23T20:43:40,Travel,20,0,36,6000,0.87,0
TXN-142,23882,TechMind Systems,Engineering,Sneha Patel,2026-04-08T23:53:51,Hardware,23,0,11,18000,1.33,0
TXN-366,16194,BrightCore Ltd,Engineering,Karan Joshi,2026-03-22T14:19:47,Hardware,14,1,31,18000,0.9,0
TXN-068,15010,CloudBridge Inc,Marketing,Divya Menon,2026-03-21T07:42:20,Software,7,1,7,12000,1.25,0
TXN-211,11427,Nexaflow Solutions,Operations,Anita Rao,2026-04-07T14:35:16,Hardware,14,0,14,10000,1.14,0
TXN-169,7509,Apex Global Ltd,Finance,Pooja Iyer,2026-03-14T10:58:24,Office Supplies,10,1,41,8000,0.94,0
TXN-494,50000,PeakEdge Consulting,Operations,Anita Rao,2026-03-25T12:54:20,Software,12,1,0,10000,5.0,1
TXN-376,14546,BrightCore Ltd,Engineering,Sneha Patel,2026-04-01T22:48:22,Marketing,22,0,47,18000,0.81,0
TXN-401,7216,Nexaflow Solutions,Marketing,Arjun Nair,2026-03-27T07:58:27,Travel,7,0,4,12000,0.6,0
TXN-273,12907,Apex Global Ltd,Operations,Anita Rao,2026-03-01T07:56:42,Software,7,1,8,10000,1.29,0
TXN-110,7851,TechMind Systems,Finance,Amit Desai,2026-03-02T00:38:29,Hardware,0,0,47,8000,0.98,0
TXN-249,11530,Apex Global Ltd,Finance,Sneha Kulkarni,2026-04-10T03:55:53,Travel,3,0,30,8000,1.44,0
TXN-146,9563,CloudBridge Inc,Finance,Amit Desai,2026-03-04T04:41:21,Office Supplies,4,0,32,8000,1.2,0
TXN-093,4946,Vertex Analytics,HR,Riya Kapoor,2026-03-19T03:46:40,Travel,3,0,50,6000,0.82,0
TXN-153,6639,Apex Global Ltd,Finance,Pooja Iyer,2026-02-23T09:24:58,Hardware,9,0,13,8000,0.83,0
TXN-368,8025,TechMind Systems,Finance,Amit Desai,2026-04-12T20:49:32,Marketing,20,1,29,8000,1.0,0
TXN-468,84000,PeakEdge Consulting,Marketing,Arjun Nair,2026-03-24T08:27:10,Consulting,8,0,1,12000,7.0,1
TXN-084,8704,TechMind Systems,Operations,Suresh Kumar,2026-03-18T13:27:40,Software,13,0,19,10000,0.87,0
TXN-246,10996,TechMind Systems,Marketing,Divya Menon,2026-04-01T11:04:22,Marketing,11,0,9,12000,0.92,0
TXN-166,6619,CloudBridge Inc,HR,Neha Gupta,2026-04-12T15:25:42,Hardware,15,1,32,6000,1.1,0
TXN-164,4768,TechMind Systems,HR,Neha Gupta,2026-03-11T09:04:51,Hardware,9,0,30,6000,0.79,0
TXN-200,5714,BrightCore Ltd,Finance,Sneha Kulkarni,2026-03-14T20:34:43,Marketing,20,1,32,8000,0.71,0
TXN-229,8211,Vertex Analytics,Operations,Suresh Kumar,2026-03-28T03:50:15,Software,3,1,50,10000,0.82,0
TXN-075,2070,Vertex Analytics,HR,Riya Kapoor,2026-04-12T02:28:06,Software,2,1,39,6000,0.34,0
TXN-479,60000,Sigma Infra,Operations,Suresh Kumar,2026-04-15T12:45:07,Travel,12,1,0,10000,6.0,1
TXN-359,6484,TechMind Systems,HR,Riya Kapoor,2026-03-02T18:07:09,Office Supplies,18,0,5,6000,1.08,0
TXN-251,12326,CloudBridge Inc,Engineering,Sneha Patel,2026-03-23T02:46:51,Consulting,2,0,8,18000,0.68,0
TXN-120,14255,CloudBridge Inc,Marketing,Divya Menon,2026-03-21T19:40:49,Software,19,1,33,12000,1.19,0
TXN-311,7564,BrightCore Ltd,Finance,Amit Desai,2026-04-18T20:10:27,Travel,20,1,19,8000,0.95,0
TXN-300,11574,Apex Global Ltd,Operations,Manoj Tiwari,2026-04-12T06:34:40,Software,6,1,32,10000,1.16,0
TXN-256,5273,Apex Global Ltd,HR,Vikram Singh,2026-02-23T15:07:26,Marketing,15,0,40,6000,0.88,0
TXN-355,9952,BrightCore Ltd,Operations,Manoj Tiwari,2026-04-20T19:32:15,Office Supplies,19,0,43,10000,1.0,0
TXN-400,23570,BrightCore Ltd,Engineering,Karan Joshi,2026-02-27T16:34:15,Hardware,16,0,33,18000,1.31,0
TXN-226,22900,TechMind Systems,Engineering,Karan Joshi,2026-04-14T09:05:15,Hardware,9,0,48,18000,1.27,0
TXN-354,5760,TechMind Systems,HR,Neha Gupta,2026-04-18T10:04:22,Consulting,10,1,39,6000,0.96,0
TXN-235,27647,Vertex Analytics,Engineering,Rahul Menon,2026-03-28T14:59:37,Consulting,14,1,27,18000,1.54,0
TXN-383,4690,TechMind Systems,Operations,Suresh Kumar,2026-02-25T01:55:13,Travel,1,0,12,10000,0.47,0
TXN-275,6036,Vertex Analytics,Finance,Pooja Iyer,2026-03-13T17:04:44,Office Supplies,17,0,27,8000,0.75,0
TXN-037,12626,Vertex Analytics,Marketing,Arjun Nair,2026-03-26T15:02:19,Software,15,0,23,12000,1.05,0
TXN-197,14022,CloudBridge Inc,Engineering,Rahul Menon,2026-04-12T03:10:34,Travel,3,1,38,18000,0.78,0
TXN-140,5538,TechMind Systems,Finance,Sneha Kulkarni,2026-03-27T20:43:09,Consulting,20,0,34,8000,0.69,0
TXN-365,14070,Vertex Analytics,Marketing,Priya Sharma,2026-03-17T13:52:28,Software,13,0,44,12000,1.17,0
TXN-245,12598,BrightCore Ltd,Engineering,Karan Joshi,2026-04-04T09:53:31,Travel,9,1,46,18000,0.7,0
TXN-440,7888,CloudBridge Inc,Finance,Sneha Kulkarni,2026-04-21T01:10:48,Marketing,1,0,10,8000,0.99,0
TXN-287,7696,Nexaflow Solutions,Finance,Amit Desai,2026-04-14T10:12:08,Travel,10,0,28,8000,0.96,0
TXN-060,22389,CloudBridge Inc,Engineering,Karan Joshi,2026-03-08T02:49:21,Consulting,2,1,29,18000,1.24,0
TXN-112,17880,Vertex Analytics,Engineering,Karan Joshi,2026-03-11T18:49:21,Consulting,18,0,39,18000,0.99,0
TXN-090,20309,TechMind Systems,Engineering,Rahul Menon,2026-04-16T16:57:41,Office Supplies,16,0,11,18000,1.13,0
TXN-437,14071,CloudBridge Inc,Operations,Anita Rao,2026-03-10T15:44:37,Office Supplies,15,0,46,10000,1.41,0
TXN-007,11158,Nexaflow Solutions,Finance,Pooja Iyer,2026-02-24T06:45:05,Consulting,6,0,13,8000,1.39,0
TXN-361,11298,Vertex Analytics,Operations,Anita Rao,2026-02-27T03:04:54,Hardware,3,0,27,10000,1.13,0
TXN-347,3827,Vertex Analytics,HR,Neha Gupta,2026-03-31T15:14:56,Software,15,0,28,6000,0.64,0
TXN-339,6619,CloudBridge Inc,HR,Vikram Singh,2026-03-20T18:59:30,Hardware,18,0,11,6000,1.1,0
TXN-159,7021,TechMind Systems,Operations,Anita Rao,2026-03-18T07:49:47,Software,7,0,45,10000,0.7,0
TXN-151,10626,CloudBridge Inc,Operations,Suresh Kumar,2026-03-31T21:40:04,Consulting,21,0,18,10000,1.06,0
TXN-178,10907,CloudBridge Inc,Finance,Pooja Iyer,2026-02-21T04:37:24,Travel,4,1,10,8000,1.36,0
TXN-394,14578,CloudBridge Inc,Operations,Suresh Kumar,2026-03-25T07:59:44,Travel,7,0,30,10000,1.46,0
TXN-185,9441,Apex Global Ltd,Operations,Suresh Kumar,2026-04-14T03:59:57,Marketing,3,0,47,10000,0.94,0
TXN-450,5881,Vertex Analytics,Finance,Amit Desai,2026-03-04T23:10:06,Consulting,23,0,39,8000,0.74,0
TXN-011,5304,Vertex Analytics,HR,Vikram Singh,2026-02-25T15:35:29,Software,15,0,10,6000,0.88,0
TXN-381,9480,Vertex Analytics,Marketing,Divya Menon,2026-03-26T13:40:15,Hardware,13,0,37,12000,0.79,0
TXN-104,4796,Vertex Analytics,HR,Riya Kapoor,2026-02-25T14:41:03,Consulting,14,0,35,6000,0.8,0
TXN-082,19607,Apex Global Ltd,Engineering,Sneha Patel,2026-03-28T14:16:44,Travel,14,1,21,18000,1.09,0
TXN-039,12023,Vertex Analytics,Engineering,Rahul Menon,2026-03-14T09:37:28,Marketing,9,1,8,18000,0.67,0
TXN-315,13263,Apex Global Ltd,Operations,Suresh Kumar,2026-03-07T03:23:34,Consulting,3,1,45,10000,1.33,0
TXN-168,26535,TechMind Systems,Engineering,Karan Joshi,2026-03-20T13:50:43,Office Supplies,13,0,16,18000,1.47,0
TXN-470,30000,PeakEdge Consulting,HR,Neha Gupta,2026-04-21T23:17:35,Office Supplies,23,0,2,6000,5.0,1
TXN-297,14698,BrightCore Ltd,Marketing,Arjun Nair,2026-03-02T16:51:49,Consulting,16,0,7,12000,1.22,0
TXN-475,72000,PeakEdge Consulting,Finance,Amit Desai,2026-03-10T11:57:54,Software,11,0,1,8000,9.0,1
TXN-199,6087,Apex Global Ltd,HR,Riya Kapoor,2026-04-14T01:09:41,Office Supplies,1,0,5,6000,1.01,0
TXN-298,8614,Vertex Analytics,Finance,Sneha Kulkarni,2026-03-01T21:30:29,Consulting,21,1,40,8000,1.08,0
TXN-417,24980,BrightCore Ltd,Engineering,Sneha Patel,2026-04-21T00:00:52,Consulting,0,0,32,18000,1.39,0
TXN-147,4144,Apex Global Ltd,HR,Vikram Singh,2026-04-06T05:39:42,Software,5,0,29,6000,0.69,0
TXN-393,5359,Nexaflow Solutions,Finance,Amit Desai,2026-03-30T16:39:51,Consulting,16,0,13,8000,0.67,0
TXN-148,4019,Nexaflow Solutions,HR,Neha Gupta,2026-03-03T02:31:10,Software,2,0,50,6000,0.67,0
TXN-448,13770,Apex Global Ltd,Engineering,Rahul Menon,2026-02-22T15:11:16,Software,15,1,35,18000,0.77,0
TXN-288,13764,TechMind Systems,Marketing,Divya Menon,2026-04-12T05:24:41,Travel,5,1,8,12000,1.15,0
TXN-124,6495,TechMind Systems,Operations,Manoj Tiwari,2026-04-20T13:27:32,Travel,13,0,6,10000,0.65,0
TXN-369,10244,Nexaflow Solutions,Operations,Manoj Tiwari,2026-03-02T20:08:04,Office Supplies,20,0,43,10000,1.02,0
TXN-097,12888,TechMind Systems,Marketing,Priya Sharma,2026-03-04T13:52:10,Consulting,13,0,17,12000,1.07,0
TXN-144,12553,Nexaflow Solutions,Marketing,Arjun Nair,2026-03-19T22:17:51,Travel,22,0,44,12000,1.05,0
TXN-240,7278,Nexaflow Solutions,HR,Riya Kapoor,2026-03-13T04:08:21,Consulting,4,0,49,6000,1.21,0
TXN-443,8696,Vertex Analytics,Engineering,Sneha Patel,2026-04-16T13:02:13,Consulting,13,0,21,18000,0.48,0
TXN-098,8522,Apex Global Ltd,Finance,Sneha Kulkarni,2026-03-29T20:50:32,Software,20,1,17,8000,1.07,0
TXN-408,5786,Nexaflow Solutions,HR,Vikram Singh,2026-03-31T01:34:55,Travel,1,0,42,6000,0.96,0
TXN-123,16208,Nexaflow Solutions,Marketing,Priya Sharma,2026-03-15T23:37:06,Travel,23,1,30,12000,1.35,0
TXN-184,11206,CloudBridge Inc,Operations,Suresh Kumar,2026-03-01T11:15:52,Software,11,1,20,10000,1.12,0
TXN-203,22873,Apex Global Ltd,Engineering,Rahul Menon,2026-04-01T02:56:50,Software,2,0,12,18000,1.27,0
TXN-247,10575,TechMind Systems,Marketing,Divya Menon,2026-03-11T03:10:41,Office Supplies,3,0,13,12000,0.88,0
TXN-306,10293,Apex Global Ltd,Operations,Manoj Tiwari,2026-03-05T14:07:19,Hardware,14,0,32,10000,1.03,0
TXN-299,12032,CloudBridge Inc,Operations,Suresh Kumar,2026-03-22T03:18:00,Marketing,3,1,42,10000,1.2,0
TXN-352,16426,CloudBridge Inc,Marketing,Priya Sharma,2026-03-18T14:06:55,Travel,14,0,19,12000,1.37,0
TXN-387,19537,Vertex Analytics,Engineering,Karan Joshi,2026-02-26T14:47:19,Consulting,14,0,18,18000,1.09,0
TXN-396,5296,Vertex Analytics,HR,Riya Kapoor,2026-03-07T23:42:55,Consulting,23,1,26,6000,0.88,0
TXN-285,12266,CloudBridge Inc,Finance,Amit Desai,2026-02-25T16:56:02,Travel,16,0,31,8000,1.53,0
TXN-126,15476,Vertex Analytics,Operations,Anita Rao,2026-03-17T10:27:20,Consulting,10,0,41,10000,1.55,0
TXN-303,14241,Apex Global Ltd,Marketing,Priya Sharma,2026-03-24T22:45:35,Software,22,0,41,12000,1.19,0
TXN-224,5968,Nexaflow Solutions,Operations,Anita Rao,2026-03-06T11:59:00,Software,11,0,38,10000,0.6,0
TXN-419,15537,Apex Global Ltd,Marketing,Priya Sharma,2026-03-08T21:25:00,Travel,21,1,15,12000,1.29,0
TXN-220,10204,TechMind Systems,Operations,Anita Rao,2026-03-25T16:25:13,Software,16,0,43,10000,1.02,0
TXN-130,5244,BrightCore Ltd,HR,Vikram Singh,2026-04-06T20:54:53,Consulting,20,0,18,6000,0.87,0
TXN-421,15151,TechMind Systems,Operations,Suresh Kumar,2026-04-02T09:09:55,Marketing,9,0,19,10000,1.52,0
TXN-290,15197,Vertex Analytics,Engineering,Rahul Menon,2026-03-28T06:08:45,Hardware,6,1,16,18000,0.84,0
TXN-445,12129,BrightCore Ltd,Engineering,Rahul Menon,2026-03-09T10:30:09,Marketing,10,0,31,18000,0.67,0
TXN-377,12180,Nexaflow Solutions,Operations,Manoj Tiwari,2026-03-29T20:04:59,Consulting,20,1,44,10000,1.22,0
TXN-292,15781,Vertex Analytics,Engineering,Karan Joshi,2026-04-05T05:20:57,Travel,5,1,3,18000,0.88,0
TXN-356,5994,CloudBridge Inc,Finance,Sneha Kulkarni,2026-02-23T16:13:31,Consulting,16,0,31,8000,0.75,0
TXN-295,10892,Apex Global Ltd,Operations,Suresh Kumar,2026-03-18T22:52:32,Office Supplies,22,0,4,10000,1.09,0
TXN-397,6860,Apex Global Ltd,Marketing,Priya Sharma,2026-03-09T07:16:12,Office Supplies,7,0,17,12000,0.57,0
TXN-341,9533,TechMind Systems,Marketing,Priya Sharma,2026-02-21T09:32:52,Consulting,9,1,50,12000,0.79,0
TXN-113,10150,Nexaflow Solutions,Operations,Anita Rao,2026-03-19T22:34:29,Travel,22,0,22,10000,1.01,0
TXN-180,30240,CloudBridge Inc,Engineering,Sneha Patel,2026-03-10T07:12:07,Consulting,7,0,16,18000,1.68,0
TXN-308,8521,BrightCore Ltd,Operations,Anita Rao,2026-03-29T20:53:35,Consulting,20,1,16,10000,0.85,0
TXN-433,5595,Apex Global Ltd,HR,Neha Gupta,2026-03-23T22:23:57,Marketing,22,0,35,6000,0.93,0
TXN-488,42000,PeakEdge Consulting,HR,Neha Gupta,2026-04-13T23:24:54,Software,23,0,2,6000,7.0,1
TXN-482,80000,PeakEdge Consulting,Finance,Pooja Iyer,2026-04-12T19:03:15,Office Supplies,19,1,1,8000,10.0,1
TXN-423,7502,Apex Global Ltd,Finance,Amit Desai,2026-03-04T01:06:07,Consulting,1,0,10,8000,0.94,0
TXN-234,8370,TechMind Systems,Operations,Anita Rao,2026-02-28T18:35:42,Travel,18,1,32,10000,0.84,0
TXN-312,7648,Nexaflow Solutions,HR,Riya Kapoor,2026-04-09T08:31:54,Software,8,0,8,6000,1.27,0
TXN-165,9926,Apex Global Ltd,Finance,Sneha Kulkarni,2026-03-19T15:40:58,Office Supplies,15,0,18,8000,1.24,0
TXN-137,8041,TechMind Systems,Operations,Suresh Kumar,2026-04-19T18:02:40,Office Supplies,18,1,33,10000,0.8,0
TXN-198,12461,TechMind Systems,Marketing,Divya Menon,2026-03-25T06:41:12,Hardware,6,0,31,12000,1.04,0
TXN-259,6665,Vertex Analytics,HR,Neha Gupta,2026-02-28T02:36:44,Office Supplies,2,1,25,6000,1.11,0
TXN-233,10113,TechMind Systems,Operations,Anita Rao,2026-03-27T19:01:14,Hardware,19,0,25,10000,1.01,0
TXN-116,10753,TechMind Systems,Operations,Suresh Kumar,2026-04-03T04:48:53,Marketing,4,0,50,10000,1.08,0
TXN-121,7186,TechMind Systems,HR,Neha Gupta,2026-04-06T18:52:51,Travel,18,0,43,6000,1.2,0
TXN-350,11359,Vertex Analytics,Marketing,Priya Sharma,2026-03-09T19:56:54,Office Supplies,19,0,35,12000,0.95,0
TXN-225,15876,Nexaflow Solutions,Engineering,Rahul Menon,2026-02-25T08:06:14,Marketing,8,0,32,18000,0.88,0
TXN-403,6007,Nexaflow Solutions,HR,Riya Kapoor,2026-03-02T05:20:37,Office Supplies,5,0,21,6000,1.0,0
TXN-398,16061,BrightCore Ltd,Marketing,Arjun Nair,2026-03-04T02:53:05,Travel,2,0,44,12000,1.34,0
TXN-128,5150,CloudBridge Inc,HR,Vikram Singh,2026-04-13T18:07:46,Consulting,18,0,50,6000,0.86,0
TXN-286,4095,Nexaflow Solutions,Finance,Amit Desai,2026-03-13T20:56:50,Hardware,20,0,46,8000,0.51,0
TXN-412,4313,TechMind Systems,HR,Neha Gupta,2026-03-16T11:12:18,Consulting,11,0,5,6000,0.72,0
TXN-108,8349,Vertex Analytics,Finance,Pooja Iyer,2026-03-13T02:26:25,Software,2,0,23,8000,1.04,0
TXN-371,6036,Apex Global Ltd,HR,Neha Gupta,2026-04-10T09:02:53,Marketing,9,0,19,6000,1.01,0
TXN-326,12536,BrightCore Ltd,Engineering,Rahul Menon,2026-03-11T07:44:28,Software,7,0,43,18000,0.7,0
TXN-134,20131,Nexaflow Solutions,Engineering,Karan Joshi,2026-03-07T08:11:30,Office Supplies,8,1,29,18000,1.12,0
TXN-453,7535,TechMind Systems,Operations,Manoj Tiwari,2026-04-12T03:25:06,Software,3,1,29,10000,0.75,0
TXN-045,11346,CloudBridge Inc,Engineering,Karan Joshi,2026-04-05T04:28:04,Software,4,1,7,18000,0.63,0
TXN-461,90000,Nexaflow Solutions,Operations,Manoj Tiwari,2026-03-22T22:58:47,Travel,22,1,0,10000,9.0,1
TXN-066,10712,Nexaflow Solutions,Finance,Pooja Iyer,2026-04-18T05:40:38,Consulting,5,1,6,8000,1.34,0
TXN-284,6905,TechMind Systems,Operations,Suresh Kumar,2026-04-06T01:30:54,Marketing,1,0,20,10000,0.69,0
TXN-086,15742,BrightCore Ltd,Engineering,Rahul Menon,2026-03-07T03:07:20,Marketing,3,1,19,18000,0.87,0
TXN-243,9009,BrightCore Ltd,Finance,Amit Desai,2026-03-21T04:20:32,Office Supplies,4,1,37,8000,1.13,0
TXN-187,6709,TechMind Systems,HR,Vikram Singh,2026-03-19T19:18:03,Travel,19,0,31,6000,1.12,0
TXN-384,8685,CloudBridge Inc,Operations,Anita Rao,2026-03-11T05:22:11,Software,5,0,49,10000,0.87,0
TXN-160,11641,BrightCore Ltd,Operations,Suresh Kumar,2026-03-26T18:37:15,Consulting,18,0,24,10000,1.16,0
TXN-013,10604,CloudBridge Inc,Operations,Suresh Kumar,2026-04-16T12:06:05,Software,12,0,48,10000,1.06,0
TXN-036,12506,Apex Global Ltd,Engineering,Sneha Patel,2026-04-19T04:08:27,Hardware,4,1,13,18000,0.69,0
TXN-029,5099,Vertex Analytics,HR,Vikram Singh,2026-04-19T11:08:43,Consulting,11,1,7,6000,0.85,0
TXN-171,13997,BrightCore Ltd,Engineering,Karan Joshi,2026-03-20T04:32:11,Hardware,4,0,29,18000,0.78,0
TXN-143,7177,TechMind Systems,Marketing,Divya Menon,2026-04-13T09:07:12,Marketing,9,0,40,12000,0.6,0
TXN-399,17484,Nexaflow Solutions,Engineering,Karan Joshi,2026-03-24T23:28:08,Marketing,23,0,21,18000,0.97,0
TXN-343,6367,Vertex Analytics,HR,Neha Gupta,2026-03-23T12:29:47,Marketing,12,0,28,6000,1.06,0
TXN-222,3199,BrightCore Ltd,HR,Riya Kapoor,2026-03-22T07:48:00,Software,7,1,34,6000,0.53,0
TXN-096,5072,CloudBridge Inc,Finance,Sneha Kulkarni,2026-04-03T17:37:46,Consulting,17,0,47,8000,0.63,0
TXN-052,16267,Nexaflow Solutions,Engineering,Sneha Patel,2026-04-04T05:31:58,Consulting,5,1,9,18000,0.9,0
TXN-241,14433,Nexaflow Solutions,Engineering,Karan Joshi,2026-04-15T19:44:53,Office Supplies,19,0,33,18000,0.8,0
TXN-485,40000,PeakEdge Consulting,Operations,Manoj Tiwari,2026-03-06T23:00:52,Marketing,23,0,0,10000,4.0,1
TXN-379,27854,CloudBridge Inc,Engineering,Karan Joshi,2026-03-19T23:04:02,Travel,23,0,24,18000,1.55,0
TXN-179,7470,Nexaflow Solutions,Finance,Pooja Iyer,2026-04-17T12:07:31,Marketing,12,0,50,8000,0.93,0
TXN-042,10428,TechMind Systems,Operations,Manoj Tiwari,2026-03-31T18:42:40,Marketing,18,0,16,10000,1.04,0
TXN-499,36000,Nexaflow Solutions,HR,Riya Kapoor,2026-02-28T22:39:16,Consulting,22,1,0,6000,6.0,1
TXN-422,25899,Apex Global Ltd,Engineering,Rahul Menon,2026-02-28T17:10:46,Marketing,17,1,25,18000,1.44,0
TXN-207,11287,TechMind Systems,Operations,Suresh Kumar,2026-03-10T11:03:17,Hardware,11,0,31,10000,1.13,0
TXN-283,25137,TechMind Systems,Engineering,Rahul Menon,2026-04-07T15:10:18,Consulting,15,0,44,18000,1.4,0
TXN-255,4961,BrightCore Ltd,Finance,Sneha Kulkarni,2026-03-16T02:42:24,Software,2,0,37,8000,0.62,0
TXN-413,4931,Apex Global Ltd,Finance,Sneha Kulkarni,2026-04-17T16:22:45,Office Supplies,16,0,50,8000,0.62,0
TXN-005,9414,Nexaflow Solutions,Operations,Suresh Kumar,2026-04-08T02:44:58,Marketing,2,0,38,10000,0.94,0
TXN-257,7900,BrightCore Ltd,HR,Vikram Singh,2026-02-24T01:23:37,Office Supplies,1,0,19,6000,1.32,0
TXN-449,15687,CloudBridge Inc,Engineering,Karan Joshi,2026-03-13T13:45:31,Software,13,0,18,18000,0.87,0
TXN-101,6461,Apex Global Ltd,Operations,Suresh Kumar,2026-03-25T13:00:11,Office Supplies,13,0,4,10000,0.65,0
TXN-227,8128,TechMind Systems,Finance,Amit Desai,2026-04-07T16:42:40,Travel,16,0,33,8000,1.02,0
TXN-430,3361,CloudBridge Inc,HR,Vikram Singh,2026-03-12T12:09:54,Office Supplies,12,0,47,6000,0.56,0
TXN-214,9302,Apex Global Ltd,Finance,Sneha Kulkarni,2026-04-18T13:46:28,Travel,13,1,45,8000,1.16,0
TXN-172,14328,BrightCore Ltd,Engineering,Sneha Patel,2026-04-16T21:56:04,Marketing,21,0,33,18000,0.8,0
TXN-099,18023,TechMind Systems,Engineering,Karan Joshi,2026-04-20T09:34:02,Software,9,0,24,18000,1.0,0
TXN-293,15347,Vertex Analytics,Engineering,Rahul Menon,2026-04-21T04:23:11,Software,4,0,19,18000,0.85,0
TXN-216,7138,Vertex Analytics,HR,Vikram Singh,2026-04-13T13:19:46,Software,13,0,5,6000,1.19,0
TXN-062,11443,TechMind Systems,Marketing,Arjun Nair,2026-04-09T04:45:43,Office Supplies,4,0,19,12000,0.95,0
TXN-048,22757,Nexaflow Solutions,Engineering,Karan Joshi,2026-03-08T01:29:46,Software,1,1,5,18000,1.26,0
TXN-033,7973,TechMind Systems,Finance,Amit Desai,2026-03-07T13:31:22,Software,13,1,13,8000,1.0,0
TXN-268,5139,BrightCore Ltd,Finance,Sneha Kulkarni,2026-03-19T16:04:40,Travel,16,0,29,8000,0.64,0
TXN-328,9583,CloudBridge Inc,Finance,Amit Desai,2026-04-15T11:36:10,Marketing,11,0,26,8000,1.2,0
TXN-201,19610,Apex Global Ltd,Engineering,Sneha Patel,2026-03-03T18:34:37,Marketing,18,0,43,18000,1.09,0
TXN-447,10916,Vertex Analytics,Operations,Anita Rao,2026-03-07T07:34:02,Travel,7,1,21,10000,1.09,0
TXN-028,13127,CloudBridge Inc,Marketing,Priya Sharma,2026-03-19T14:50:56,Marketing,14,0,43,12000,1.09,0
TXN-425,20904,TechMind Systems,Engineering,Karan Joshi,2026-03-27T13:11:40,Office Supplies,13,0,47,18000,1.16,0
TXN-231,9808,Apex Global Ltd,Marketing,Arjun Nair,2026-04-07T16:10:26,Hardware,16,0,49,12000,0.82,0
TXN-261,9219,Vertex Analytics,Marketing,Divya Menon,2026-04-07T04:01:55,Software,4,0,46,12000,0.77,0
TXN-289,10702,Nexaflow Solutions,Operations,Anita Rao,2026-03-27T02:45:15,Travel,2,0,6,10000,1.07,0
TXN-163,12896,BrightCore Ltd,Operations,Manoj Tiwari,2026-04-18T09:40:15,Hardware,9,1,20,10000,1.29,0
TXN-426,13421,Apex Global Ltd,Operations,Manoj Tiwari,2026-03-11T01:37:10,Consulting,1,0,8,10000,1.34,0
TXN-139,12033,Vertex Analytics,Operations,Anita Rao,2026-03-22T08:15:35,Travel,8,1,17,10000,1.2,0
TXN-063,4340,BrightCore Ltd,HR,Neha Gupta,2026-03-24T11:00:33,Marketing,11,0,49,6000,0.72,0
TXN-136,8324,TechMind Systems,HR,Neha Gupta,2026-03-20T22:33:16,Software,22,0,40,6000,1.39,0
TXN-129,8199,CloudBridge Inc,Finance,Amit Desai,2026-03-28T20:35:31,Hardware,20,1,43,8000,1.02,0
TXN-477,60000,Sigma Infra,HR,Riya Kapoor,2026-04-05T14:18:51,Consulting,14,1,1,6000,10.0,1
TXN-009,10591,Nexaflow Solutions,Marketing,Priya Sharma,2026-02-20T20:52:13,Office Supplies,20,0,27,12000,0.88,0
TXN-327,12895,CloudBridge Inc,Operations,Anita Rao,2026-04-20T23:47:47,Consulting,23,0,27,10000,1.29,0
TXN-464,48000,PeakEdge Consulting,HR,Neha Gupta,2026-03-03T09:13:09,Consulting,9,0,1,6000,8.0,1
TXN-065,14437,Vertex Analytics,Marketing,Divya Menon,2026-04-12T21:10:54,Software,21,1,50,12000,1.2,0
TXN-301,9513,TechMind Systems,Marketing,Arjun Nair,2026-02-25T12:18:50,Marketing,12,0,28,12000,0.79,0
TXN-015,3412,Apex Global Ltd,HR,Neha Gupta,2026-03-10T15:34:00,Office Supplies,15,0,32,6000,0.57,0
TXN-157,26395,Nexaflow Solutions,Engineering,Karan Joshi,2026-03-11T22:12:26,Marketing,22,0,47,18000,1.47,0
TXN-041,7107,Vertex Analytics,HR,Vikram Singh,2026-04-20T16:32:21,Hardware,16,0,13,6000,1.18,0
TXN-380,14362,CloudBridge Inc,Engineering,Rahul Menon,2026-02-22T03:29:16,Office Supplies,3,1,12,18000,0.8,0
TXN-469,72000,Sigma Infra,Engineering,Karan Joshi,2026-03-14T23:25:47,Hardware,23,0,1,18000,4.0,1
TXN-404,12140,Nexaflow Solutions,Marketing,Arjun Nair,2026-03-08T16:48:03,Marketing,16,1,18,12000,1.01,0
TXN-217,6454,Apex Global Ltd,Finance,Sneha Kulkarni,2026-04-01T08:18:46,Consulting,8,0,23,8000,0.81,0
TXN-280,7229,TechMind Systems,Finance,Sneha Kulkarni,2026-03-18T01:59:49,Travel,1,0,10,8000,0.9,0
TXN-435,8253,Nexaflow Solutions,HR,Riya Kapoor,2026-02-25T01:39:32,Travel,1,0,11,6000,1.38,0
TXN-431,4225,Nexaflow Solutions,HR,Vikram Singh,2026-02-25T17:21:16,Hardware,17,0,49,6000,0.7,0
TXN-338,7357,Apex Global Ltd,Finance,Sneha Kulkarni,2026-03-05T10:01:23,Consulting,10,0,10,8000,0.92,0
TXN-237,2962,TechMind Systems,HR,Neha Gupta,2026-03-14T10:03:30,Travel,10,1,45,6000,0.49,0
TXN-208,13541,TechMind Systems,Marketing,Arjun Nair,2026-02-24T02:39:39,Hardware,2,0,50,12000,1.13,0
TXN-213,7431,Nexaflow Solutions,HR,Vikram Singh,2026-03-20T14:24:16,Consulting,14,0,33,6000,1.24,0
TXN-296,9921,CloudBridge Inc,Marketing,Arjun Nair,2026-03-22T09:51:24,Hardware,9,1,50,12000,0.83,0
TXN-458,13341,Apex Global Ltd,Engineering,Rahul Menon,2026-04-18T16:35:55,Office Supplies,16,1,13,18000,0.74,0
TXN-252,12294,BrightCore Ltd,Operations,Anita Rao,2026-04-18T05:46:56,Hardware,5,1,18,10000,1.23,0
TXN-489,108000,PeakEdge Consulting,Engineering,Karan Joshi,2026-03-30T23:14:28,Office Supplies,23,0,2,18000,6.0,1
TXN-487,48000,PeakEdge Consulting,Marketing,Arjun Nair,2026-03-08T23:32:12,Travel,23,0,1,12000,4.0,1
TXN-304,20746,Apex Global Ltd,Engineering,Sneha Patel,2026-03-03T23:25:19,Hardware,23,0,42,18000,1.15,0
TXN-351,8621,BrightCore Ltd,Finance,Sneha Kulkarni,2026-03-03T17:27:28,Travel,17,0,44,8000,1.08,0
TXN-270,8261,CloudBridge Inc,Finance,Amit Desai,2026-03-09T17:55:44,Office Supplies,17,0,19,8000,1.03,0
TXN-202,20523,TechMind Systems,Engineering,Sneha Patel,2026-04-14T04:02:25,Travel,4,0,10,18000,1.14,0
TXN-162,7180,BrightCore Ltd,HR,Vikram Singh,2026-04-15T05:10:43,Travel,5,0,12,6000,1.2,0
TXN-044,7397,TechMind Systems,Finance,Amit Desai,2026-04-18T20:13:36,Software,20,1,36,8000,0.92,0
TXN-218,9407,Nexaflow Solutions,Operations,Manoj Tiwari,2026-03-09T04:32:01,Consulting,4,0,45,10000,0.94,0
TXN-402,15302,Vertex Analytics,Engineering,Sneha Patel,2026-04-14T04:13:57,Hardware,4,0,49,18000,0.85,0
TXN-191,10660,CloudBridge Inc,Marketing,Divya Menon,2026-04-19T20:38:00,Consulting,20,1,10,12000,0.89,0
TXN-310,5696,BrightCore Ltd,HR,Vikram Singh,2026-03-10T12:07:46,Consulting,12,0,9,6000,0.95,0
TXN-260,9549,Nexaflow Solutions,Finance,Amit Desai,2026-02-25T06:55:16,Office Supplies,6,0,45,8000,1.19,0
TXN-106,6606,Nexaflow Solutions,HR,Neha Gupta,2026-03-16T19:14:33,Marketing,19,0,36,6000,1.1,0
TXN-054,13835,BrightCore Ltd,Marketing,Divya Menon,2026-03-14T09:58:34,Software,9,1,44,12000,1.15,0
TXN-390,5134,CloudBridge Inc,HR,Neha Gupta,2026-04-03T20:50:42,Travel,20,0,15,6000,0.86,0
TXN-002,17377,CloudBridge Inc,Engineering,Rahul Menon,2026-04-18T22:25:49,Marketing,22,1,50,18000,0.97,0
TXN-442,11901,Apex Global Ltd,Marketing,Divya Menon,2026-03-31T11:35:22,Consulting,11,0,19,12000,0.99,0
TXN-483,42000,Nexaflow Solutions,HR,Riya Kapoor,2026-02-28T22:59:23,Consulting,22,1,0,6000,7.0,1
TXN-050,10066,Vertex Analytics,Engineering,Sneha Patel,2026-03-12T03:34:05,Hardware,3,0,11,18000,0.56,0
TXN-420,12202,Apex Global Ltd,Marketing,Divya Menon,2026-04-02T22:09:01,Consulting,22,0,22,12000,1.02,0
TXN-081,7560,Nexaflow Solutions,Finance,Pooja Iyer,2026-04-12T18:19:58,Hardware,18,1,9,8000,0.94,0
TXN-206,6124,BrightCore Ltd,Finance,Amit Desai,2026-04-14T18:41:15,Hardware,18,0,28,8000,0.77,0
TXN-035,9645,BrightCore Ltd,Finance,Pooja Iyer,2026-03-04T22:04:22,Travel,22,0,35,8000,1.21,0
TXN-264,7439,Apex Global Ltd,Operations,Manoj Tiwari,2026-04-07T01:06:03,Marketing,1,0,46,10000,0.74,0
TXN-428,9372,Apex Global Ltd,Finance,Sneha Kulkarni,2026-04-16T12:46:42,Office Supplies,12,0,9,8000,1.17,0
TXN-367,10560,Vertex Analytics,Operations,Anita Rao,2026-03-02T08:38:36,Office Supplies,8,0,13,10000,1.06,0
TXN-092,22358,BrightCore Ltd,Engineering,Karan Joshi,2026-04-03T00:01:32,Hardware,0,0,9,18000,1.24,0
TXN-340,15463,Vertex Analytics,Engineering,Sneha Patel,2026-03-01T06:07:57,Office Supplies,6,1,38,18000,0.86,0
TXN-474,60000,Sigma Infra,HR,Vikram Singh,2026-04-20T04:25:07,Travel,4,0,1,6000,10.0,1
TXN-053,6646,TechMind Systems,Finance,Amit Desai,2026-03-29T05:24:05,Marketing,5,1,29,8000,0.83,0
TXN-346,8464,Nexaflow Solutions,Finance,Sneha Kulkarni,2026-03-22T01:56:56,Travel,1,1,30,8000,1.06,0
TXN-265,16863,BrightCore Ltd,Engineering,Sneha Patel,2026-04-01T07:33:08,Marketing,7,0,9,18000,0.94,0
TXN-242,9713,BrightCore Ltd,Operations,Manoj Tiwari,2026-02-25T22:37:21,Software,22,0,28,10000,0.97,0
TXN-014,9390,Apex Global Ltd,Engineering,Rahul Menon,2026-03-08T07:12:10,Software,7,1,8,18000,0.52,0
TXN-316,8042,BrightCore Ltd,Finance,Pooja Iyer,2026-04-07T14:14:55,Software,14,0,30,8000,1.01,0
TXN-089,8675,Nexaflow Solutions,Operations,Manoj Tiwari,2026-04-05T15:32:31,Hardware,15,1,26,10000,0.87,0
TXN-388,26442,Apex Global Ltd,Engineering,Sneha Patel,2026-04-03T15:25:31,Consulting,15,0,46,18000,1.47,0
TXN-274,8020,Vertex Analytics,Finance,Amit Desai,2026-04-06T07:56:53,Office Supplies,7,0,10,8000,1.0,0
TXN-167,7233,Apex Global Ltd,HR,Vikram Singh,2026-04-08T05:26:00,Office Supplies,5,0,4,6000,1.21,0
TXN-329,9248,Vertex Analytics,Finance,Sneha Kulkarni,2026-04-16T03:41:17,Software,3,0,41,8000,1.16,0
TXN-493,40000,PeakEdge Consulting,Finance,Sneha Kulkarni,2026-03-28T12:46:46,Hardware,12,1,1,8000,5.0,1
TXN-135,7701,TechMind Systems,Operations,Suresh Kumar,2026-04-15T04:03:31,Travel,4,0,29,10000,0.77,0
TXN-307,7916,Nexaflow Solutions,HR,Riya Kapoor,2026-03-23T13:02:30,Marketing,13,0,47,6000,1.32,0
TXN-481,180000,PeakEdge Consulting,Engineering,Karan Joshi,2026-03-07T18:19:03,Hardware,18,1,1,18000,10.0,1
TXN-320,7739,Nexaflow Solutions,Finance,Pooja Iyer,2026-04-05T09:56:18,Travel,9,1,20,8000,0.97,0
TXN-244,7298,Vertex Analytics,HR,Neha Gupta,2026-03-28T15:40:21,Software,15,1,5,6000,1.22,0
TXN-055,15092,TechMind Systems,Marketing,Arjun Nair,2026-03-14T18:30:00,Software,18,1,49,12000,1.26,0
TXN-364,19807,Nexaflow Solutions,Engineering,Rahul Menon,2026-03-13T05:10:14,Office Supplies,5,0,31,18000,1.1,0
TXN-051,10810,TechMind Systems,Operations,Anita Rao,2026-04-04T11:25:27,Consulting,11,1,18,10000,1.08,0
TXN-457,5839,Vertex Analytics,HR,Riya Kapoor,2026-03-07T02:06:52,Hardware,2,1,6,6000,0.97,0
TXN-175,10691,Apex Global Ltd,Operations,Manoj Tiwari,2026-03-01T15:09:07,Hardware,15,1,33,10000,1.07,0
TXN-446,9339,BrightCore Ltd,Finance,Pooja Iyer,2026-03-12T15:12:50,Software,15,0,25,8000,1.17,0
TXN-190,7455,CloudBridge Inc,Marketing,Divya Menon,2026-04-07T00:54:40,Office Supplies,0,0,12,12000,0.62,0
TXN-497,162000,Nexaflow Solutions,Engineering,Rahul Menon,2026-03-25T22:32:05,Marketing,22,1,0,18000,9.0,1
TXN-188,11781,Apex Global Ltd,Marketing,Priya Sharma,2026-04-20T10:54:51,Software,10,0,33,12000,0.98,0
TXN-170,8115,Nexaflow Solutions,Operations,Suresh Kumar,2026-03-29T00:34:11,Software,0,1,36,10000,0.81,0
TXN-059,12993,BrightCore Ltd,Marketing,Priya Sharma,2026-03-18T04:14:39,Software,4,0,37,12000,1.08,0
TXN-049,10859,CloudBridge Inc,Operations,Manoj Tiwari,2026-03-02T13:49:45,Consulting,13,0,20,10000,1.09,0
TXN-345,7057,CloudBridge Inc,Finance,Amit Desai,2026-04-15T14:24:41,Marketing,14,0,42,8000,0.88,0
TXN-236,13901,Apex Global Ltd,Marketing,Arjun Nair,2026-03-09T17:24:20,Marketing,17,0,50,12000,1.16,0
TXN-253,27549,CloudBridge Inc,Engineering,Sneha Patel,2026-04-20T15:02:47,Office Supplies,15,0,32,18000,1.53,0
TXN-022,11322,CloudBridge Inc,Marketing,Divya Menon,2026-02-21T10:59:22,Office Supplies,10,1,39,12000,0.94,0
TXN-314,21660,Vertex Analytics,Engineering,Sneha Patel,2026-04-18T06:58:17,Hardware,6,1,6,18000,1.2,0
TXN-460,5604,CloudBridge Inc,Finance,Pooja Iyer,2026-03-14T01:36:12,Office Supplies,1,1,43,8000,0.7,0
TXN-161,4537,Nexaflow Solutions,HR,Vikram Singh,2026-04-18T15:31:48,Marketing,15,1,30,6000,0.76,0
TXN-277,10497,Vertex Analytics,Operations,Manoj Tiwari,2026-04-01T07:09:26,Travel,7,0,23,10000,1.05,0
TXN-444,17598,Nexaflow Solutions,Engineering,Rahul Menon,2026-04-10T18:18:18,Consulting,18,0,11,18000,0.98,0
TXN-192,12140,Vertex Analytics,Operations,Suresh Kumar,2026-03-08T05:05:39,Hardware,5,1,42,10000,1.21,0
TXN-386,6225,Vertex Analytics,HR,Neha Gupta,2026-03-21T13:56:04,Consulting,13,1,21,6000,1.04,0
TXN-294,14548,CloudBridge Inc,Marketing,Arjun Nair,2026-03-17T19:26:01,Travel,19,0,3,12000,1.21,0
TXN-414,15833,Apex Global Ltd,Marketing,Divya Menon,2026-02-23T06:56:38,Marketing,6,0,18,12000,1.32,0
TXN-344,5239,Apex Global Ltd,HR,Vikram Singh,2026-04-05T21:39:03,Software,21,1,10,6000,0.87,0
TXN-258,14815,TechMind Systems,Engineering,Rahul Menon,2026-04-21T01:54:37,Travel,1,0,33,18000,0.82,0
TXN-309,20461,TechMind Systems,Engineering,Karan Joshi,2026-03-07T05:18:03,Consulting,5,1,24,18000,1.14,0
TXN-150,12890,Nexaflow Solutions,Marketing,Priya Sharma,2026-03-07T22:09:20,Software,22,1,18,12000,1.07,0
TXN-131,7348,BrightCore Ltd,Marketing,Priya Sharma,2026-03-05T18:43:35,Office Supplies,18,0,21,12000,0.61,0
TXN-152,13039,Vertex Analytics,Marketing,Arjun Nair,2026-02-26T08:44:59,Marketing,8,0,16,12000,1.09,0
TXN-360,6345,Nexaflow Solutions,Finance,Sneha Kulkarni,2026-03-20T08:24:55,Hardware,8,0,44,8000,0.79,0
TXN-100,7530,Apex Global Ltd,Finance,Pooja Iyer,2026-03-19T16:52:43,Consulting,16,0,44,8000,0.94,0
TXN-373,24530,Apex Global Ltd,Engineering,Sneha Patel,2026-04-19T07:29:06,Marketing,7,1,22,18000,1.36,0
TXN-088,12986,Nexaflow Solutions,Marketing,Divya Menon,2026-03-01T00:29:56,Travel,0,1,7,12000,1.08,0
TXN-459,15508,Apex Global Ltd,Engineering,Karan Joshi,2026-03-07T21:02:13,Software,21,1,36,18000,0.86,0
TXN-331,11963,Apex Global Ltd,Marketing,Divya Menon,2026-04-14T14:19:22,Consulting,14,0,31,12000,1.0,0
TXN-215,7369,TechMind Systems,Finance,Amit Desai,2026-04-20T09:40:32,Office Supplies,9,0,47,8000,0.92,0
TXN-467,72000,Sigma Infra,Finance,Pooja Iyer,2026-04-04T08:26:43,Hardware,8,1,1,8000,9.0,1
TXN-122,4635,TechMind Systems,HR,Riya Kapoor,2026-04-02T09:36:26,Travel,9,0,28,6000,0.77,0
TXN-500,36000,Sigma Infra,HR,Vikram Singh,2026-04-04T12:20:07,Office Supplies,12,1,1,6000,6.0,1
TXN-021,24595,Nexaflow Solutions,Engineering,Karan Joshi,2026-03-13T13:19:36,Office Supplies,13,0,23,18000,1.37,0
TXN-189,4729,TechMind Systems,HR,Neha Gupta,2026-03-23T08:52:07,Marketing,8,0,7,6000,0.79,0
TXN-072,11076,Apex Global Ltd,Finance,Pooja Iyer,2026-03-25T03:13:48,Marketing,3,0,16,8000,1.38,0
TXN-107,26487,Apex Global Ltd,Engineering,Rahul Menon,2026-02-22T22:24:07,Marketing,22,1,30,18000,1.47,0
TXN-271,10882,Nexaflow Solutions,Finance,Sneha Kulkarni,2026-03-19T21:20:34,Travel,21,0,32,8000,1.36,0
TXN-349,6563,CloudBridge Inc,Finance,Pooja Iyer,2026-04-09T05:12:46,Marketing,5,0,7,8000,0.82,0
TXN-436,8148,Apex Global Ltd,Finance,Pooja Iyer,2026-03-24T09:02:26,Software,9,0,27,8000,1.02,0
TXN-103,9143,TechMind Systems,Operations,Manoj Tiwari,2026-04-11T23:38:17,Office Supplies,23,1,25,10000,0.91,0
